fold,treatment,feature,real_fraud_mean,synthetic_mean,synthetic_fractional_share
1,categorical,is_foreign_transaction,0.22119815668202766,0.06784732330583859,0.0
1,categorical,is_new_merchant,0.4792626728110599,0.5259582726831635,0.0
1,categorical,used_vpn,0.2304147465437788,0.07836001940805434,0.0
1,categorical,ip_country_mismatch,0.2903225806451613,0.1567200388161087,0.0
1,categorical,billing_shipping_mismatch,0.19815668202764977,0.08741711143457868,0.0
1,categorical,is_ai_generated_scam_attempt,0.0967741935483871,0.0081675562024907,0.0
1,numeric,is_foreign_transaction,0.22119815668202766,0.20526433385323029,0.26467734109655505
1,numeric,is_new_merchant,0.4792626728110599,0.49317620760021497,0.4276241306808992
1,numeric,used_vpn,0.2304147465437788,0.20317379623671494,0.28214459000485204
1,numeric,ip_country_mismatch,0.2903225806451613,0.282303632075561,0.31602781821122433
1,numeric,billing_shipping_mismatch,0.19815668202764977,0.19717464802322035,0.24745269286754004
1,numeric,is_ai_generated_scam_attempt,0.0967741935483871,0.0879249384178576,0.15105935629953096
2,categorical,is_foreign_transaction,0.22580645161290322,0.0613779718583212,0.0
2,categorical,is_new_merchant,0.4930875576036866,0.4786511402231926,0.0
2,categorical,used_vpn,0.2119815668202765,0.07035419699175158,0.0
2,categorical,ip_country_mismatch,0.2903225806451613,0.11895519974122594,0.0
2,categorical,billing_shipping_mismatch,0.2119815668202765,0.13828238719068414,0.0
2,categorical,is_ai_generated_scam_attempt,0.08294930875576037,0.0,0.0
2,numeric,is_foreign_transaction,0.22580645161290322,0.2054093257907888,0.2739770338023613
2,numeric,is_new_merchant,0.4930875576036866,0.5009853414500463,0.3972990457706615
2,numeric,used_vpn,0.2119815668202765,0.19154176877272958,0.27098495875788453
2,numeric,ip_country_mismatch,0.2903225806451613,0.28187502062743836,0.33584020701924633
2,numeric,billing_shipping_mismatch,0.2119815668202765,0.2179159205767263,0.26289826944848776
2,numeric,is_ai_generated_scam_attempt,0.08294930875576037,0.07778878228703895,0.13286430535338833
3,categorical,is_foreign_transaction,0.22580645161290322,0.05418081837295811,0.0
3,categorical,is_new_merchant,0.5023041474654378,0.5559598900210254,0.0
3,categorical,used_vpn,0.20276497695852536,0.04811580139091056,0.0
3,categorical,ip_country_mismatch,0.31336405529953915,0.16399805919456575,0.0
3,categorical,billing_shipping_mismatch,0.2073732718894009,0.11992560245835356,0.0
3,categorical,is_ai_generated_scam_attempt,0.08755760368663594,0.0,0.0
3,numeric,is_foreign_transaction,0.22580645161290322,0.203182488827737,0.2714701601164483
3,numeric,is_new_merchant,0.5023041474654378,0.5132874634157955,0.42503639010189226
3,numeric,used_vpn,0.20276497695852536,0.18663488543727066,0.24648229015041243
3,numeric,ip_country_mismatch,0.31336405529953915,0.3119086958528942,0.3585638039786511
3,numeric,billing_shipping_mismatch,0.2073732718894009,0.2072845282363619,0.2519812388808022
3,numeric,is_ai_generated_scam_attempt,0.08755760368663594,0.07213806998638848,0.13399644185670387
4,categorical,is_foreign_transaction,0.2119815668202765,0.03647096878537927,0.0
4,categorical,is_new_merchant,0.45622119815668205,0.4188096393336568,0.0
4,categorical,used_vpn,0.21658986175115208,0.07690441533236293,0.0
4,categorical,ip_country_mismatch,0.2857142857142857,0.1366650493288048,0.0
4,categorical,billing_shipping_mismatch,0.2119815668202765,0.13302603913957625,0.0
4,categorical,is_ai_generated_scam_attempt,0.08755760368663594,0.005418081837295811,0.0
4,numeric,is_foreign_transaction,0.2119815668202765,0.1999271012986494,0.284732330583859
4,numeric,is_new_merchant,0.45622119815668205,0.4661193476187123,0.410884683810448
4,numeric,used_vpn,0.21658986175115208,0.20153548515411474,0.2906356137797186
4,numeric,ip_country_mismatch,0.2857142857142857,0.2766078044210851,0.32783438460294356
4,numeric,billing_shipping_mismatch,0.2119815668202765,0.21940842702054963,0.27519003719877083
4,numeric,is_ai_generated_scam_attempt,0.08755760368663594,0.08304949527598846,0.14313440077632217
5,categorical,is_foreign_transaction,0.2037037037037037,0.01778783958602846,0.0
5,categorical,is_new_merchant,0.4861111111111111,0.5279754204398448,0.0
5,categorical,used_vpn,0.20833333333333334,0.06144890038809832,0.0
5,categorical,ip_country_mismatch,0.2777777777777778,0.10858667529107374,0.0
5,categorical,billing_shipping_mismatch,0.2037037037037037,0.10203751617076326,0.0
5,categorical,is_ai_generated_scam_attempt,0.08796296296296297,0.004689521345407503,0.0
5,numeric,is_foreign_transaction,0.2037037037037037,0.17997691421267628,0.25371927554980594
5,numeric,is_new_merchant,0.4861111111111111,0.4945108984369452,0.4295763260025873
5,numeric,used_vpn,0.20833333333333334,0.19240031028001153,0.26722186287192756
5,numeric,ip_country_mismatch,0.2777777777777778,0.2683143009061432,0.3208279430789133
5,numeric,billing_shipping_mismatch,0.2037037037037037,0.21114330226795056,0.2513745148771022
5,numeric,is_ai_generated_scam_attempt,0.08796296296296297,0.0792459630798051,0.13591526520051747
test,categorical,is_foreign_transaction,0.2177121771217712,0.04224349851209729,0.0
test,categorical,is_new_merchant,0.4833948339483395,0.5002587656876698,0.0
test,categorical,used_vpn,0.2140221402214022,0.07400698667356709,0.0
test,categorical,ip_country_mismatch,0.2915129151291513,0.12213740458015267,0.0
test,categorical,billing_shipping_mismatch,0.2066420664206642,0.11418035968430586,0.0
test,categorical,is_ai_generated_scam_attempt,0.08856088560885608,0.003881485315047225,0.0
test,numeric,is_foreign_transaction,0.2177121771217712,0.19917345443869766,0.2669814982533316
test,numeric,is_new_merchant,0.4833948339483395,0.49724581443404664,0.4105964549100789
test,numeric,used_vpn,0.2140221402214022,0.19164082972678548,0.26212964160952257
test,numeric,ip_country_mismatch,0.2915129151291513,0.2830969748932457,0.3258506921982145
test,numeric,billing_shipping_mismatch,0.2066420664206642,0.20754294192108608,0.2514555569931427
test,numeric,is_ai_generated_scam_attempt,0.08856088560885608,0.08188442449400578,0.139151248544443
