fold,treatment,model,f1,precision,recall
1,categorical,Logistic Regression,0.16597510373443983,0.09345794392523364,0.7407407407407407
1,categorical,SVM,0.2,0.16279069767441862,0.25925925925925924
1,categorical,KNN,0.12,0.06726457399103139,0.5555555555555556
1,categorical,Random Forest,0.0963855421686747,0.13793103448275862,0.07407407407407407
1,categorical,HistGradientBoosting,0.2,0.25,0.16666666666666666
1,numeric,Logistic Regression,0.20588235294117646,0.11864406779661017,0.7777777777777778
1,numeric,SVM,0.2446043165467626,0.2,0.3148148148148148
1,numeric,KNN,0.12554112554112554,0.07107843137254902,0.5370370370370371
1,numeric,Random Forest,0.06666666666666667,0.3333333333333333,0.037037037037037035
1,numeric,HistGradientBoosting,0.18666666666666668,0.3333333333333333,0.12962962962962962
2,categorical,Logistic Regression,0.13765182186234817,0.07727272727272727,0.6296296296296297
2,categorical,SVM,0.1125,0.08490566037735849,0.16666666666666666
2,categorical,KNN,0.08396946564885496,0.04680851063829787,0.4074074074074074
2,categorical,Random Forest,0.1188118811881188,0.1276595744680851,0.1111111111111111
2,categorical,HistGradientBoosting,0.22916666666666666,0.2619047619047619,0.2037037037037037
2,numeric,Logistic Regression,0.1927710843373494,0.11080332409972299,0.7407407407407407
2,numeric,SVM,0.17142857142857143,0.13953488372093023,0.2222222222222222
2,numeric,KNN,0.09503239740820735,0.05378973105134474,0.4074074074074074
2,numeric,Random Forest,0.05405405405405406,0.1,0.037037037037037035
2,numeric,HistGradientBoosting,0.16,0.2857142857142857,0.1111111111111111
3,categorical,Logistic Regression,0.15748031496062992,0.0881057268722467,0.7407407407407407
3,categorical,SVM,0.3108108108108108,0.24468085106382978,0.42592592592592593
3,categorical,KNN,0.10505836575875487,0.058695652173913045,0.5
3,categorical,Random Forest,0.13043478260869565,0.15789473684210525,0.1111111111111111
3,categorical,HistGradientBoosting,0.3225806451612903,0.38461538461538464,0.2777777777777778
3,numeric,Logistic Regression,0.2243436754176611,0.12876712328767123,0.8703703703703703
3,numeric,SVM,0.366412213740458,0.3116883116883117,0.4444444444444444
3,numeric,KNN,0.11328976034858387,0.06419753086419754,0.48148148148148145
3,numeric,Random Forest,0.1643835616438356,0.3157894736842105,0.1111111111111111
3,numeric,HistGradientBoosting,0.23076923076923078,0.375,0.16666666666666666
4,categorical,Logistic Regression,0.1442495126705653,0.08061002178649238,0.6851851851851852
4,categorical,SVM,0.1891891891891892,0.14893617021276595,0.25925925925925924
4,categorical,KNN,0.09398496240601503,0.05230125523012552,0.46296296296296297
4,categorical,Random Forest,0.13636363636363635,0.17647058823529413,0.1111111111111111
4,categorical,HistGradientBoosting,0.27906976744186046,0.375,0.2222222222222222
4,numeric,Logistic Regression,0.21374045801526717,0.12389380530973451,0.7777777777777778
4,numeric,SVM,0.304,0.2676056338028169,0.35185185185185186
4,numeric,KNN,0.1032258064516129,0.058394160583941604,0.4444444444444444
4,numeric,Random Forest,0.18461538461538463,0.5454545454545454,0.1111111111111111
4,numeric,HistGradientBoosting,0.2777777777777778,0.5555555555555556,0.18518518518518517
5,categorical,Logistic Regression,0.14012738853503184,0.07932692307692307,0.6
5,categorical,SVM,0.18461538461538463,0.16,0.21818181818181817
5,categorical,KNN,0.10505050505050505,0.05909090909090909,0.4727272727272727
5,categorical,Random Forest,0.1797752808988764,0.23529411764705882,0.14545454545454545
5,categorical,HistGradientBoosting,0.14814814814814814,0.23076923076923078,0.10909090909090909
5,numeric,Logistic Regression,0.21243523316062177,0.12386706948640483,0.7454545454545455
5,numeric,SVM,0.23214285714285715,0.22807017543859648,0.23636363636363636
5,numeric,KNN,0.11581291759465479,0.06598984771573604,0.4727272727272727
5,numeric,Random Forest,0.17647058823529413,0.46153846153846156,0.10909090909090909
5,numeric,HistGradientBoosting,0.2857142857142857,0.41379310344827586,0.21818181818181817
test,categorical,Logistic Regression,0.14144736842105263,0.07962962962962963,0.6323529411764706
test,categorical,SVM,0.14285714285714285,0.11403508771929824,0.19117647058823528
test,categorical,KNN,0.10135135135135136,0.05725190839694656,0.4411764705882353
test,categorical,Random Forest,0.07079646017699115,0.08888888888888889,0.058823529411764705
test,categorical,HistGradientBoosting,0.14678899082568808,0.1951219512195122,0.11764705882352941
test,numeric,Logistic Regression,0.20876826722338204,0.12165450121654502,0.7352941176470589
test,numeric,SVM,0.24516129032258063,0.21839080459770116,0.27941176470588236
test,numeric,KNN,0.11460258780036968,0.06553911205073996,0.45588235294117646
test,numeric,Random Forest,0.09876543209876543,0.3076923076923077,0.058823529411764705
test,numeric,HistGradientBoosting,0.16666666666666666,0.2857142857142857,0.11764705882352941
